﻿<?xml version="1.0" encoding="utf-8"?>
<HelpKI>

  <HelpKINode Title="allSkeletons field" Url="html/F_ArduinoController_MainWindow_allSkeletons.htm" />
  <HelpKINode Title="App class" Url="html/AllMembers_T_ArduinoController_App.htm" />
  <HelpKINode Title="App class" Url="html/T_ArduinoController_App.htm" />
  <HelpKINode Title="App class">
    <HelpKINode Title="about App class" Url="html/T_ArduinoController_App.htm" />
    <HelpKINode Title="all members" Url="html/AllMembers_T_ArduinoController_App.htm" />
    <HelpKINode Title="constructor" Url="html/M_ArduinoController_App__ctor.htm" />
    <HelpKINode Title="methods" Url="html/Methods_T_ArduinoController_App.htm" />
  </HelpKINode>
  <HelpKINode Title="App.App constructor" Url="html/M_ArduinoController_App__ctor.htm" />
  <HelpKINode Title="App.InitializeComponent method" Url="html/M_ArduinoController_App_InitializeComponent.htm" />
  <HelpKINode Title="App.Main method" Url="html/M_ArduinoController_App_Main.htm" />
  <HelpKINode Title="ArduinoCloseSerial method" Url="html/M_ArduinoController_MainWindow_ArduinoCloseSerial.htm" />
  <HelpKINode Title="ArduinoController namespace" Url="html/N_ArduinoController.htm" />
  <HelpKINode Title="ArduinoController.App class" Url="html/AllMembers_T_ArduinoController_App.htm" />
  <HelpKINode Title="ArduinoController.App class" Url="html/T_ArduinoController_App.htm" />
  <HelpKINode Title="ArduinoController.MainWindow class" Url="html/AllMembers_T_ArduinoController_MainWindow.htm" />
  <HelpKINode Title="ArduinoController.MainWindow class" Url="html/T_ArduinoController_MainWindow.htm" />
  <HelpKINode Title="ArduinoController.MainWindow.Mode enumeration" Url="html/T_ArduinoController_MainWindow_Mode.htm" />
  <HelpKINode Title="ArduinoController.VoiceCommands class" Url="html/AllMembers_T_ArduinoController_VoiceCommands.htm" />
  <HelpKINode Title="ArduinoController.VoiceCommands class" Url="html/T_ArduinoController_VoiceCommands.htm" />
  <HelpKINode Title="ArduinoLfwd field" Url="html/F_ArduinoController_MainWindow_ArduinoLfwd.htm" />
  <HelpKINode Title="ArduinoMax field" Url="html/F_ArduinoController_MainWindow_ArduinoMax.htm" />
  <HelpKINode Title="ArduinoOpenSerial method" Url="html/M_ArduinoController_MainWindow_ArduinoOpenSerial.htm" />
  <HelpKINode Title="ArduinoRfwd field" Url="html/F_ArduinoController_MainWindow_ArduinoRfwd.htm" />
  <HelpKINode Title="ArduinoSendLeftRight method" Url="html/M_ArduinoController_MainWindow_ArduinoSendLeftRight.htm" />
  <HelpKINode Title="ArduinoSetSerial method" Url="html/M_ArduinoController_MainWindow_ArduinoSetSerial.htm" />
  <HelpKINode Title="ArduinoStop field" Url="html/F_ArduinoController_MainWindow_ArduinoStop.htm" />
  <HelpKINode Title="audioSrc field" Url="html/F_ArduinoController_VoiceCommands_audioSrc.htm" />
  <HelpKINode Title="bc field" Url="html/F_ArduinoController_MainWindow_bc.htm" />
  <HelpKINode Title="BoxLX field" Url="html/F_ArduinoController_MainWindow_BoxLX.htm" />
  <HelpKINode Title="BoxLY field" Url="html/F_ArduinoController_MainWindow_BoxLY.htm" />
  <HelpKINode Title="BoxRX field" Url="html/F_ArduinoController_MainWindow_BoxRX.htm" />
  <HelpKINode Title="BoxRY field" Url="html/F_ArduinoController_MainWindow_BoxRY.htm" />
  <HelpKINode Title="ComPortNum field" Url="html/F_ArduinoController_MainWindow_ComPortNum.htm" />
  <HelpKINode Title="compute method" Url="html/M_ArduinoController_MainWindow_compute.htm" />
  <HelpKINode Title="crossedWallFromLeft field" Url="html/F_ArduinoController_MainWindow_crossedWallFromLeft.htm" />
  <HelpKINode Title="crossedWallFromRight field" Url="html/F_ArduinoController_MainWindow_crossedWallFromRight.htm" />
  <HelpKINode Title="currentMode field" Url="html/F_ArduinoController_MainWindow_currentMode.htm" />
  <HelpKINode Title="darkBlue field" Url="html/F_ArduinoController_MainWindow_darkBlue.htm" />
  <HelpKINode Title="enginesImg field" Url="html/F_ArduinoController_MainWindow_enginesImg.htm" />
  <HelpKINode Title="fadeIn field" Url="html/F_ArduinoController_MainWindow_fadeIn.htm" />
  <HelpKINode Title="fadeOut field" Url="html/F_ArduinoController_MainWindow_fadeOut.htm" />
  <HelpKINode Title="FLabel field" Url="html/F_ArduinoController_MainWindow_FLabel.htm" />
  <HelpKINode Title="FRslider field" Url="html/F_ArduinoController_MainWindow_FRslider.htm" />
  <HelpKINode Title="FRSliderBottomY field" Url="html/F_ArduinoController_MainWindow_FRSliderBottomY.htm" />
  <HelpKINode Title="FRsliderButton field" Url="html/F_ArduinoController_MainWindow_FRsliderButton.htm" />
  <HelpKINode Title="FRsliderButton_Clicked method" Url="html/M_ArduinoController_MainWindow_FRsliderButton_Clicked.htm" />
  <HelpKINode Title="FRSliderCenterY field" Url="html/F_ArduinoController_MainWindow_FRSliderCenterY.htm" />
  <HelpKINode Title="FRSliderTopY field" Url="html/F_ArduinoController_MainWindow_FRSliderTopY.htm" />
  <HelpKINode Title="FRSliderX field" Url="html/F_ArduinoController_MainWindow_FRSliderX.htm" />
  <HelpKINode Title="GetFirstSkeleton method" Url="html/M_ArduinoController_MainWindow_GetFirstSkeleton.htm" />
  <HelpKINode Title="GetKinectRecognizer method" Url="html/M_ArduinoController_VoiceCommands_GetKinectRecognizer.htm" />
  <HelpKINode Title="getRotation method" Url="html/M_ArduinoController_MainWindow_getRotation.htm" />
  <HelpKINode Title="initCommonComponents method" Url="html/M_ArduinoController_MainWindow_initCommonComponents.htm" />
  <HelpKINode Title="InitializeComponent method" Url="html/M_ArduinoController_App_InitializeComponent.htm" />
  <HelpKINode Title="InitializeComponent method" Url="html/M_ArduinoController_MainWindow_InitializeComponent.htm" />
  <HelpKINode Title="initPodRacingComponents method" Url="html/M_ArduinoController_MainWindow_initPodRacingComponents.htm" />
  <HelpKINode Title="initPrecisionComponents method" Url="html/M_ArduinoController_MainWindow_initPrecisionComponents.htm" />
  <HelpKINode Title="initSteeringComponents method" Url="html/M_ArduinoController_MainWindow_initSteeringComponents.htm" />
  <HelpKINode Title="isHandInButton method" Url="html/M_ArduinoController_MainWindow_isHandInButton.htm" />
  <HelpKINode Title="IsHandOverMenuButtons method" Url="html/M_ArduinoController_MainWindow_IsHandOverMenuButtons.htm" />
  <HelpKINode Title="IsLHandOverObject method" Url="html/M_ArduinoController_MainWindow_IsLHandOverObject.htm" />
  <HelpKINode Title="IsReadyToDrive method" Url="html/M_ArduinoController_MainWindow_IsReadyToDrive.htm" />
  <HelpKINode Title="IsRHandOverObject method" Url="html/M_ArduinoController_MainWindow_IsRHandOverObject.htm" />
  <HelpKINode Title="kinectColorViewer1 field" Url="html/F_ArduinoController_MainWindow_kinectColorViewer1.htm" />
  <HelpKINode Title="kinectHand field" Url="html/F_ArduinoController_MainWindow_kinectHand.htm" />
  <HelpKINode Title="kinectHandL field" Url="html/F_ArduinoController_MainWindow_kinectHandL.htm" />
  <HelpKINode Title="kinectHandL_Click method" Url="html/M_ArduinoController_MainWindow_kinectHandL_Click.htm" />
  <HelpKINode Title="kinectHand_Clicked method" Url="html/M_ArduinoController_MainWindow_kinectHand_Clicked.htm" />
  <HelpKINode Title="kinectSensorChooser1 field" Url="html/F_ArduinoController_MainWindow_kinectSensorChooser1.htm" />
  <HelpKINode Title="kinectSensorChooser1_KinectSensorChanged method" Url="html/M_ArduinoController_MainWindow_kinectSensorChooser1_KinectSensorChanged.htm" />
  <HelpKINode Title="kinectSkeletonViewer1 field" Url="html/F_ArduinoController_MainWindow_kinectSkeletonViewer1.htm" />
  <HelpKINode Title="labelL field" Url="html/F_ArduinoController_MainWindow_labelL.htm" />
  <HelpKINode Title="labelR field" Url="html/F_ArduinoController_MainWindow_labelR.htm" />
  <HelpKINode Title="labels field" Url="html/F_ArduinoController_MainWindow_labels.htm" />
  <HelpKINode Title="labelX field" Url="html/F_ArduinoController_MainWindow_labelX.htm" />
  <HelpKINode Title="labelY field" Url="html/F_ArduinoController_MainWindow_labelY.htm" />
  <HelpKINode Title="lastRotation field" Url="html/F_ArduinoController_MainWindow_lastRotation.htm" />
  <HelpKINode Title="leftEngine field" Url="html/F_ArduinoController_MainWindow_leftEngine.htm" />
  <HelpKINode Title="leftEngineBottomY field" Url="html/F_ArduinoController_MainWindow_leftEngineBottomY.htm" />
  <HelpKINode Title="leftEngineButton field" Url="html/F_ArduinoController_MainWindow_leftEngineButton.htm" />
  <HelpKINode Title="leftEngineButton_Clicked method" Url="html/M_ArduinoController_MainWindow_leftEngineButton_Clicked.htm" />
  <HelpKINode Title="leftEngineCenterY field" Url="html/F_ArduinoController_MainWindow_leftEngineCenterY.htm" />
  <HelpKINode Title="leftEngineTopY field" Url="html/F_ArduinoController_MainWindow_leftEngineTopY.htm" />
  <HelpKINode Title="leftEngineX field" Url="html/F_ArduinoController_MainWindow_leftEngineX.htm" />
  <HelpKINode Title="lhandBound field" Url="html/F_ArduinoController_MainWindow_lhandBound.htm" />
  <HelpKINode Title="lImg field" Url="html/F_ArduinoController_MainWindow_lImg.htm" />
  <HelpKINode Title="loadGrammarAndWords method" Url="html/M_ArduinoController_VoiceCommands_loadGrammarAndWords.htm" />
  <HelpKINode Title="LRslider field" Url="html/F_ArduinoController_MainWindow_LRslider.htm" />
  <HelpKINode Title="LRsliderButton field" Url="html/F_ArduinoController_MainWindow_LRsliderButton.htm" />
  <HelpKINode Title="LRsliderButton_Clicked method" Url="html/M_ArduinoController_MainWindow_LRsliderButton_Clicked.htm" />
  <HelpKINode Title="LRSliderCenterX field" Url="html/F_ArduinoController_MainWindow_LRSliderCenterX.htm" />
  <HelpKINode Title="LRSliderLeftX field" Url="html/F_ArduinoController_MainWindow_LRSliderLeftX.htm" />
  <HelpKINode Title="LRSliderRightX field" Url="html/F_ArduinoController_MainWindow_LRSliderRightX.htm" />
  <HelpKINode Title="LRSliderY field" Url="html/F_ArduinoController_MainWindow_LRSliderY.htm" />
  <HelpKINode Title="Main method" Url="html/M_ArduinoController_App_Main.htm" />
  <HelpKINode Title="mainCanvas field" Url="html/F_ArduinoController_MainWindow_mainCanvas.htm" />
  <HelpKINode Title="MainWindow class" Url="html/AllMembers_T_ArduinoController_MainWindow.htm" />
  <HelpKINode Title="MainWindow class" Url="html/T_ArduinoController_MainWindow.htm" />
  <HelpKINode Title="MainWindow class">
    <HelpKINode Title="about MainWindow class" Url="html/T_ArduinoController_MainWindow.htm" />
    <HelpKINode Title="all members" Url="html/AllMembers_T_ArduinoController_MainWindow.htm" />
    <HelpKINode Title="constructor" Url="html/M_ArduinoController_MainWindow__cctor.htm" />
    <HelpKINode Title="constructor" Url="html/M_ArduinoController_MainWindow__ctor.htm" />
    <HelpKINode Title="fields" Url="html/Fields_T_ArduinoController_MainWindow.htm" />
    <HelpKINode Title="methods" Url="html/Methods_T_ArduinoController_MainWindow.htm" />
  </HelpKINode>
  <HelpKINode Title="MainWindow.allSkeletons field" Url="html/F_ArduinoController_MainWindow_allSkeletons.htm" />
  <HelpKINode Title="MainWindow.ArduinoCloseSerial method" Url="html/M_ArduinoController_MainWindow_ArduinoCloseSerial.htm" />
  <HelpKINode Title="MainWindow.ArduinoLfwd field" Url="html/F_ArduinoController_MainWindow_ArduinoLfwd.htm" />
  <HelpKINode Title="MainWindow.ArduinoMax field" Url="html/F_ArduinoController_MainWindow_ArduinoMax.htm" />
  <HelpKINode Title="MainWindow.ArduinoOpenSerial method" Url="html/M_ArduinoController_MainWindow_ArduinoOpenSerial.htm" />
  <HelpKINode Title="MainWindow.ArduinoRfwd field" Url="html/F_ArduinoController_MainWindow_ArduinoRfwd.htm" />
  <HelpKINode Title="MainWindow.ArduinoSendLeftRight method" Url="html/M_ArduinoController_MainWindow_ArduinoSendLeftRight.htm" />
  <HelpKINode Title="MainWindow.ArduinoSetSerial method" Url="html/M_ArduinoController_MainWindow_ArduinoSetSerial.htm" />
  <HelpKINode Title="MainWindow.ArduinoStop field" Url="html/F_ArduinoController_MainWindow_ArduinoStop.htm" />
  <HelpKINode Title="MainWindow.bc field" Url="html/F_ArduinoController_MainWindow_bc.htm" />
  <HelpKINode Title="MainWindow.BoxLX field" Url="html/F_ArduinoController_MainWindow_BoxLX.htm" />
  <HelpKINode Title="MainWindow.BoxLY field" Url="html/F_ArduinoController_MainWindow_BoxLY.htm" />
  <HelpKINode Title="MainWindow.BoxRX field" Url="html/F_ArduinoController_MainWindow_BoxRX.htm" />
  <HelpKINode Title="MainWindow.BoxRY field" Url="html/F_ArduinoController_MainWindow_BoxRY.htm" />
  <HelpKINode Title="MainWindow.ComPortNum field" Url="html/F_ArduinoController_MainWindow_ComPortNum.htm" />
  <HelpKINode Title="MainWindow.compute method" Url="html/M_ArduinoController_MainWindow_compute.htm" />
  <HelpKINode Title="MainWindow.crossedWallFromLeft field" Url="html/F_ArduinoController_MainWindow_crossedWallFromLeft.htm" />
  <HelpKINode Title="MainWindow.crossedWallFromRight field" Url="html/F_ArduinoController_MainWindow_crossedWallFromRight.htm" />
  <HelpKINode Title="MainWindow.currentMode field" Url="html/F_ArduinoController_MainWindow_currentMode.htm" />
  <HelpKINode Title="MainWindow.darkBlue field" Url="html/F_ArduinoController_MainWindow_darkBlue.htm" />
  <HelpKINode Title="MainWindow.enginesImg field" Url="html/F_ArduinoController_MainWindow_enginesImg.htm" />
  <HelpKINode Title="MainWindow.fadeIn field" Url="html/F_ArduinoController_MainWindow_fadeIn.htm" />
  <HelpKINode Title="MainWindow.fadeOut field" Url="html/F_ArduinoController_MainWindow_fadeOut.htm" />
  <HelpKINode Title="MainWindow.FLabel field" Url="html/F_ArduinoController_MainWindow_FLabel.htm" />
  <HelpKINode Title="MainWindow.FRslider field" Url="html/F_ArduinoController_MainWindow_FRslider.htm" />
  <HelpKINode Title="MainWindow.FRSliderBottomY field" Url="html/F_ArduinoController_MainWindow_FRSliderBottomY.htm" />
  <HelpKINode Title="MainWindow.FRsliderButton field" Url="html/F_ArduinoController_MainWindow_FRsliderButton.htm" />
  <HelpKINode Title="MainWindow.FRsliderButton_Clicked method" Url="html/M_ArduinoController_MainWindow_FRsliderButton_Clicked.htm" />
  <HelpKINode Title="MainWindow.FRSliderCenterY field" Url="html/F_ArduinoController_MainWindow_FRSliderCenterY.htm" />
  <HelpKINode Title="MainWindow.FRSliderTopY field" Url="html/F_ArduinoController_MainWindow_FRSliderTopY.htm" />
  <HelpKINode Title="MainWindow.FRSliderX field" Url="html/F_ArduinoController_MainWindow_FRSliderX.htm" />
  <HelpKINode Title="MainWindow.GetFirstSkeleton method" Url="html/M_ArduinoController_MainWindow_GetFirstSkeleton.htm" />
  <HelpKINode Title="MainWindow.getRotation method" Url="html/M_ArduinoController_MainWindow_getRotation.htm" />
  <HelpKINode Title="MainWindow.initCommonComponents method" Url="html/M_ArduinoController_MainWindow_initCommonComponents.htm" />
  <HelpKINode Title="MainWindow.InitializeComponent method" Url="html/M_ArduinoController_MainWindow_InitializeComponent.htm" />
  <HelpKINode Title="MainWindow.initPodRacingComponents method" Url="html/M_ArduinoController_MainWindow_initPodRacingComponents.htm" />
  <HelpKINode Title="MainWindow.initPrecisionComponents method" Url="html/M_ArduinoController_MainWindow_initPrecisionComponents.htm" />
  <HelpKINode Title="MainWindow.initSteeringComponents method" Url="html/M_ArduinoController_MainWindow_initSteeringComponents.htm" />
  <HelpKINode Title="MainWindow.isHandInButton method" Url="html/M_ArduinoController_MainWindow_isHandInButton.htm" />
  <HelpKINode Title="MainWindow.IsHandOverMenuButtons method" Url="html/M_ArduinoController_MainWindow_IsHandOverMenuButtons.htm" />
  <HelpKINode Title="MainWindow.IsLHandOverObject method" Url="html/M_ArduinoController_MainWindow_IsLHandOverObject.htm" />
  <HelpKINode Title="MainWindow.IsReadyToDrive method" Url="html/M_ArduinoController_MainWindow_IsReadyToDrive.htm" />
  <HelpKINode Title="MainWindow.IsRHandOverObject method" Url="html/M_ArduinoController_MainWindow_IsRHandOverObject.htm" />
  <HelpKINode Title="MainWindow.kinectColorViewer1 field" Url="html/F_ArduinoController_MainWindow_kinectColorViewer1.htm" />
  <HelpKINode Title="MainWindow.kinectHand field" Url="html/F_ArduinoController_MainWindow_kinectHand.htm" />
  <HelpKINode Title="MainWindow.kinectHandL field" Url="html/F_ArduinoController_MainWindow_kinectHandL.htm" />
  <HelpKINode Title="MainWindow.kinectHandL_Click method" Url="html/M_ArduinoController_MainWindow_kinectHandL_Click.htm" />
  <HelpKINode Title="MainWindow.kinectHand_Clicked method" Url="html/M_ArduinoController_MainWindow_kinectHand_Clicked.htm" />
  <HelpKINode Title="MainWindow.kinectSensorChooser1 field" Url="html/F_ArduinoController_MainWindow_kinectSensorChooser1.htm" />
  <HelpKINode Title="MainWindow.kinectSensorChooser1_KinectSensorChanged method" Url="html/M_ArduinoController_MainWindow_kinectSensorChooser1_KinectSensorChanged.htm" />
  <HelpKINode Title="MainWindow.kinectSkeletonViewer1 field" Url="html/F_ArduinoController_MainWindow_kinectSkeletonViewer1.htm" />
  <HelpKINode Title="MainWindow.labelL field" Url="html/F_ArduinoController_MainWindow_labelL.htm" />
  <HelpKINode Title="MainWindow.labelR field" Url="html/F_ArduinoController_MainWindow_labelR.htm" />
  <HelpKINode Title="MainWindow.labels field" Url="html/F_ArduinoController_MainWindow_labels.htm" />
  <HelpKINode Title="MainWindow.labelX field" Url="html/F_ArduinoController_MainWindow_labelX.htm" />
  <HelpKINode Title="MainWindow.labelY field" Url="html/F_ArduinoController_MainWindow_labelY.htm" />
  <HelpKINode Title="MainWindow.lastRotation field" Url="html/F_ArduinoController_MainWindow_lastRotation.htm" />
  <HelpKINode Title="MainWindow.leftEngine field" Url="html/F_ArduinoController_MainWindow_leftEngine.htm" />
  <HelpKINode Title="MainWindow.leftEngineBottomY field" Url="html/F_ArduinoController_MainWindow_leftEngineBottomY.htm" />
  <HelpKINode Title="MainWindow.leftEngineButton field" Url="html/F_ArduinoController_MainWindow_leftEngineButton.htm" />
  <HelpKINode Title="MainWindow.leftEngineButton_Clicked method" Url="html/M_ArduinoController_MainWindow_leftEngineButton_Clicked.htm" />
  <HelpKINode Title="MainWindow.leftEngineCenterY field" Url="html/F_ArduinoController_MainWindow_leftEngineCenterY.htm" />
  <HelpKINode Title="MainWindow.leftEngineTopY field" Url="html/F_ArduinoController_MainWindow_leftEngineTopY.htm" />
  <HelpKINode Title="MainWindow.leftEngineX field" Url="html/F_ArduinoController_MainWindow_leftEngineX.htm" />
  <HelpKINode Title="MainWindow.lhandBound field" Url="html/F_ArduinoController_MainWindow_lhandBound.htm" />
  <HelpKINode Title="MainWindow.lImg field" Url="html/F_ArduinoController_MainWindow_lImg.htm" />
  <HelpKINode Title="MainWindow.LRslider field" Url="html/F_ArduinoController_MainWindow_LRslider.htm" />
  <HelpKINode Title="MainWindow.LRsliderButton field" Url="html/F_ArduinoController_MainWindow_LRsliderButton.htm" />
  <HelpKINode Title="MainWindow.LRsliderButton_Clicked method" Url="html/M_ArduinoController_MainWindow_LRsliderButton_Clicked.htm" />
  <HelpKINode Title="MainWindow.LRSliderCenterX field" Url="html/F_ArduinoController_MainWindow_LRSliderCenterX.htm" />
  <HelpKINode Title="MainWindow.LRSliderLeftX field" Url="html/F_ArduinoController_MainWindow_LRSliderLeftX.htm" />
  <HelpKINode Title="MainWindow.LRSliderRightX field" Url="html/F_ArduinoController_MainWindow_LRSliderRightX.htm" />
  <HelpKINode Title="MainWindow.LRSliderY field" Url="html/F_ArduinoController_MainWindow_LRSliderY.htm" />
  <HelpKINode Title="MainWindow.mainCanvas field" Url="html/F_ArduinoController_MainWindow_mainCanvas.htm" />
  <HelpKINode Title="MainWindow.MainWindow constructor" Url="html/M_ArduinoController_MainWindow__cctor.htm" />
  <HelpKINode Title="MainWindow.MainWindow constructor" Url="html/M_ArduinoController_MainWindow__ctor.htm" />
  <HelpKINode Title="MainWindow.menuButtons field" Url="html/F_ArduinoController_MainWindow_menuButtons.htm" />
  <HelpKINode Title="MainWindow.menuButton_Clicked method" Url="html/M_ArduinoController_MainWindow_menuButton_Clicked.htm" />
  <HelpKINode Title="MainWindow.menuTitle field" Url="html/F_ArduinoController_MainWindow_menuTitle.htm" />
  <HelpKINode Title="MainWindow.Mode enumeration" Url="html/T_ArduinoController_MainWindow_Mode.htm" />
  <HelpKINode Title="MainWindow.newAnimation method" Url="html/M_ArduinoController_MainWindow_newAnimation.htm" />
  <HelpKINode Title="MainWindow.newBackgroundAnimation method" Url="html/M_ArduinoController_MainWindow_newBackgroundAnimation.htm" />
  <HelpKINode Title="MainWindow.newImageAnimation method" Url="html/M_ArduinoController_MainWindow_newImageAnimation.htm" />
  <HelpKINode Title="MainWindow.noArduino field" Url="html/F_ArduinoController_MainWindow_noArduino.htm" />
  <HelpKINode Title="MainWindow.podButton field" Url="html/F_ArduinoController_MainWindow_podButton.htm" />
  <HelpKINode Title="MainWindow.podRacingBehavior method" Url="html/M_ArduinoController_MainWindow_podRacingBehavior.htm" />
  <HelpKINode Title="MainWindow.podRacingBG field" Url="html/F_ArduinoController_MainWindow_podRacingBG.htm" />
  <HelpKINode Title="MainWindow.podRacingButton_Clicked method" Url="html/M_ArduinoController_MainWindow_podRacingButton_Clicked.htm" />
  <HelpKINode Title="MainWindow.podRacingSliders field" Url="html/F_ArduinoController_MainWindow_podRacingSliders.htm" />
  <HelpKINode Title="MainWindow.precisionBehavior method" Url="html/M_ArduinoController_MainWindow_precisionBehavior.htm" />
  <HelpKINode Title="MainWindow.precisionButton field" Url="html/F_ArduinoController_MainWindow_precisionButton.htm" />
  <HelpKINode Title="MainWindow.precisionButton_Clicked method" Url="html/M_ArduinoController_MainWindow_precisionButton_Clicked.htm" />
  <HelpKINode Title="MainWindow.precisionImages field" Url="html/F_ArduinoController_MainWindow_precisionImages.htm" />
  <HelpKINode Title="MainWindow.precisionLabels field" Url="html/F_ArduinoController_MainWindow_precisionLabels.htm" />
  <HelpKINode Title="MainWindow.precisionSliders field" Url="html/F_ArduinoController_MainWindow_precisionSliders.htm" />
  <HelpKINode Title="MainWindow.rhandBound field" Url="html/F_ArduinoController_MainWindow_rhandBound.htm" />
  <HelpKINode Title="MainWindow.rightEngine field" Url="html/F_ArduinoController_MainWindow_rightEngine.htm" />
  <HelpKINode Title="MainWindow.rightEngineBottomY field" Url="html/F_ArduinoController_MainWindow_rightEngineBottomY.htm" />
  <HelpKINode Title="MainWindow.rightEngineButton field" Url="html/F_ArduinoController_MainWindow_rightEngineButton.htm" />
  <HelpKINode Title="MainWindow.rightEngineButton_Clicked method" Url="html/M_ArduinoController_MainWindow_rightEngineButton_Clicked.htm" />
  <HelpKINode Title="MainWindow.rightEngineCenterY field" Url="html/F_ArduinoController_MainWindow_rightEngineCenterY.htm" />
  <HelpKINode Title="MainWindow.rightEngineTopY field" Url="html/F_ArduinoController_MainWindow_rightEngineTopY.htm" />
  <HelpKINode Title="MainWindow.rightEngineX field" Url="html/F_ArduinoController_MainWindow_rightEngineX.htm" />
  <HelpKINode Title="MainWindow.rImg field" Url="html/F_ArduinoController_MainWindow_rImg.htm" />
  <HelpKINode Title="MainWindow.RLabel field" Url="html/F_ArduinoController_MainWindow_RLabel.htm" />
  <HelpKINode Title="MainWindow.ScaleAndSetPosition method" Url="html/M_ArduinoController_MainWindow_ScaleAndSetPosition.htm" />
  <HelpKINode Title="MainWindow.scaleWheelVal method" Url="html/M_ArduinoController_MainWindow_scaleWheelVal.htm" />
  <HelpKINode Title="MainWindow.ScreenMaxX field" Url="html/F_ArduinoController_MainWindow_ScreenMaxX.htm" />
  <HelpKINode Title="MainWindow.ScreenMaxY field" Url="html/F_ArduinoController_MainWindow_ScreenMaxY.htm" />
  <HelpKINode Title="MainWindow.SendEngineValuesToArduino method" Url="html/M_ArduinoController_MainWindow_SendEngineValuesToArduino.htm" />
  <HelpKINode Title="MainWindow.sensor_AllFramesReady method" Url="html/M_ArduinoController_MainWindow_sensor_AllFramesReady.htm" />
  <HelpKINode Title="MainWindow.serialPort field" Url="html/F_ArduinoController_MainWindow_serialPort.htm" />
  <HelpKINode Title="MainWindow.shiftViewerTo method" Url="html/M_ArduinoController_MainWindow_shiftViewerTo.htm" />
  <HelpKINode Title="MainWindow.StartMoving method" Url="html/M_ArduinoController_MainWindow_StartMoving.htm" />
  <HelpKINode Title="MainWindow.steeringBehavior method" Url="html/M_ArduinoController_MainWindow_steeringBehavior.htm" />
  <HelpKINode Title="MainWindow.steeringButton field" Url="html/F_ArduinoController_MainWindow_steeringButton.htm" />
  <HelpKINode Title="MainWindow.steeringButton_Clicked method" Url="html/M_ArduinoController_MainWindow_steeringButton_Clicked.htm" />
  <HelpKINode Title="MainWindow.stopButton field" Url="html/F_ArduinoController_MainWindow_stopButton.htm" />
  <HelpKINode Title="MainWindow.StopKinect method" Url="html/M_ArduinoController_MainWindow_StopKinect.htm" />
  <HelpKINode Title="MainWindow.StopMoving method" Url="html/M_ArduinoController_MainWindow_StopMoving.htm" />
  <HelpKINode Title="MainWindow.stopped field" Url="html/F_ArduinoController_MainWindow_stopped.htm" />
  <HelpKINode Title="MainWindow.textBoxes field" Url="html/F_ArduinoController_MainWindow_textBoxes.htm" />
  <HelpKINode Title="MainWindow.timeZero field" Url="html/F_ArduinoController_MainWindow_timeZero.htm" />
  <HelpKINode Title="MainWindow.TransformAndSendDataToArduino method" Url="html/M_ArduinoController_MainWindow_TransformAndSendDataToArduino.htm" />
  <HelpKINode Title="MainWindow.TransformAndSendVelocity method" Url="html/M_ArduinoController_MainWindow_TransformAndSendVelocity.htm" />
  <HelpKINode Title="MainWindow.turnOffCurrentCanvas method" Url="html/M_ArduinoController_MainWindow_turnOffCurrentCanvas.htm" />
  <HelpKINode Title="MainWindow.turnOffMenu method" Url="html/M_ArduinoController_MainWindow_turnOffMenu.htm" />
  <HelpKINode Title="MainWindow.turnOffPodRacing method" Url="html/M_ArduinoController_MainWindow_turnOffPodRacing.htm" />
  <HelpKINode Title="MainWindow.turnOffPrecision method" Url="html/M_ArduinoController_MainWindow_turnOffPrecision.htm" />
  <HelpKINode Title="MainWindow.turnOffSteering method" Url="html/M_ArduinoController_MainWindow_turnOffSteering.htm" />
  <HelpKINode Title="MainWindow.turnOnMenu method" Url="html/M_ArduinoController_MainWindow_turnOnMenu.htm" />
  <HelpKINode Title="MainWindow.turnOnPodRacing method" Url="html/M_ArduinoController_MainWindow_turnOnPodRacing.htm" />
  <HelpKINode Title="MainWindow.turnOnPrecision method" Url="html/M_ArduinoController_MainWindow_turnOnPrecision.htm" />
  <HelpKINode Title="MainWindow.turnOnSteering method" Url="html/M_ArduinoController_MainWindow_turnOnSteering.htm" />
  <HelpKINode Title="MainWindow.UpdateBoxesWithCoords method" Url="html/M_ArduinoController_MainWindow_UpdateBoxesWithCoords.htm" />
  <HelpKINode Title="MainWindow.updateFRslider method" Url="html/M_ArduinoController_MainWindow_updateFRslider.htm" />
  <HelpKINode Title="MainWindow.updateHandPositions method" Url="html/M_ArduinoController_MainWindow_updateHandPositions.htm" />
  <HelpKINode Title="MainWindow.updateLeftEngine method" Url="html/M_ArduinoController_MainWindow_updateLeftEngine.htm" />
  <HelpKINode Title="MainWindow.updateLRslider method" Url="html/M_ArduinoController_MainWindow_updateLRslider.htm" />
  <HelpKINode Title="MainWindow.updateRightEngine method" Url="html/M_ArduinoController_MainWindow_updateRightEngine.htm" />
  <HelpKINode Title="MainWindow.vc field" Url="html/F_ArduinoController_MainWindow_vc.htm" />
  <HelpKINode Title="MainWindow.ViewerCanvas field" Url="html/F_ArduinoController_MainWindow_ViewerCanvas.htm" />
  <HelpKINode Title="MainWindow.wheel field" Url="html/F_ArduinoController_MainWindow_wheel.htm" />
  <HelpKINode Title="MainWindow.wheelCenter field" Url="html/F_ArduinoController_MainWindow_wheelCenter.htm" />
  <HelpKINode Title="MainWindow.wheelHeight field" Url="html/F_ArduinoController_MainWindow_wheelHeight.htm" />
  <HelpKINode Title="MainWindow.wheelLeft field" Url="html/F_ArduinoController_MainWindow_wheelLeft.htm" />
  <HelpKINode Title="MainWindow.wheelLock field" Url="html/F_ArduinoController_MainWindow_wheelLock.htm" />
  <HelpKINode Title="MainWindow.wheelLockSlope field" Url="html/F_ArduinoController_MainWindow_wheelLockSlope.htm" />
  <HelpKINode Title="MainWindow.wheelTop field" Url="html/F_ArduinoController_MainWindow_wheelTop.htm" />
  <HelpKINode Title="MainWindow.wheelWidth field" Url="html/F_ArduinoController_MainWindow_wheelWidth.htm" />
  <HelpKINode Title="MainWindow.Window_Closing method" Url="html/M_ArduinoController_MainWindow_Window_Closing.htm" />
  <HelpKINode Title="MainWindow.Window_Loaded method" Url="html/M_ArduinoController_MainWindow_Window_Loaded.htm" />
  <HelpKINode Title="MainWindow._contentLoaded field" Url="html/F_ArduinoController_MainWindow__contentLoaded.htm" />
  <HelpKINode Title="MainWindow._handX field" Url="html/F_ArduinoController_MainWindow__handX.htm" />
  <HelpKINode Title="MainWindow._handY field" Url="html/F_ArduinoController_MainWindow__handY.htm" />
  <HelpKINode Title="MainWindow._isClosing field" Url="html/F_ArduinoController_MainWindow__isClosing.htm" />
  <HelpKINode Title="MainWindow._LhandX field" Url="html/F_ArduinoController_MainWindow__LhandX.htm" />
  <HelpKINode Title="MainWindow._LhandY field" Url="html/F_ArduinoController_MainWindow__LhandY.htm" />
  <HelpKINode Title="MainWindow._RhandX field" Url="html/F_ArduinoController_MainWindow__RhandX.htm" />
  <HelpKINode Title="MainWindow._RhandY field" Url="html/F_ArduinoController_MainWindow__RhandY.htm" />
  <HelpKINode Title="MainWindow._selectedButton field" Url="html/F_ArduinoController_MainWindow__selectedButton.htm" />
  <HelpKINode Title="MainWindow._selectedLButton field" Url="html/F_ArduinoController_MainWindow__selectedLButton.htm" />
  <HelpKINode Title="MENU enumeration member" Url="html/T_ArduinoController_MainWindow_Mode.htm" />
  <HelpKINode Title="menuButtons field" Url="html/F_ArduinoController_MainWindow_menuButtons.htm" />
  <HelpKINode Title="menuButton_Clicked method" Url="html/M_ArduinoController_MainWindow_menuButton_Clicked.htm" />
  <HelpKINode Title="menuTitle field" Url="html/F_ArduinoController_MainWindow_menuTitle.htm" />
  <HelpKINode Title="newAnimation method" Url="html/M_ArduinoController_MainWindow_newAnimation.htm" />
  <HelpKINode Title="newBackgroundAnimation method" Url="html/M_ArduinoController_MainWindow_newBackgroundAnimation.htm" />
  <HelpKINode Title="newImageAnimation method" Url="html/M_ArduinoController_MainWindow_newImageAnimation.htm" />
  <HelpKINode Title="noArduino field" Url="html/F_ArduinoController_MainWindow_noArduino.htm" />
  <HelpKINode Title="POD enumeration member" Url="html/T_ArduinoController_MainWindow_Mode.htm" />
  <HelpKINode Title="podButton field" Url="html/F_ArduinoController_MainWindow_podButton.htm" />
  <HelpKINode Title="podRacingBehavior method" Url="html/M_ArduinoController_MainWindow_podRacingBehavior.htm" />
  <HelpKINode Title="podRacingBG field" Url="html/F_ArduinoController_MainWindow_podRacingBG.htm" />
  <HelpKINode Title="podRacingButton_Clicked method" Url="html/M_ArduinoController_MainWindow_podRacingButton_Clicked.htm" />
  <HelpKINode Title="podRacingSliders field" Url="html/F_ArduinoController_MainWindow_podRacingSliders.htm" />
  <HelpKINode Title="PRECISION enumeration member" Url="html/T_ArduinoController_MainWindow_Mode.htm" />
  <HelpKINode Title="precisionBehavior method" Url="html/M_ArduinoController_MainWindow_precisionBehavior.htm" />
  <HelpKINode Title="precisionButton field" Url="html/F_ArduinoController_MainWindow_precisionButton.htm" />
  <HelpKINode Title="precisionButton_Clicked method" Url="html/M_ArduinoController_MainWindow_precisionButton_Clicked.htm" />
  <HelpKINode Title="precisionImages field" Url="html/F_ArduinoController_MainWindow_precisionImages.htm" />
  <HelpKINode Title="precisionLabels field" Url="html/F_ArduinoController_MainWindow_precisionLabels.htm" />
  <HelpKINode Title="precisionSliders field" Url="html/F_ArduinoController_MainWindow_precisionSliders.htm" />
  <HelpKINode Title="recognizer field" Url="html/F_ArduinoController_VoiceCommands_recognizer.htm" />
  <HelpKINode Title="restartRecognizer method" Url="html/M_ArduinoController_VoiceCommands_restartRecognizer.htm" />
  <HelpKINode Title="rhandBound field" Url="html/F_ArduinoController_MainWindow_rhandBound.htm" />
  <HelpKINode Title="ri field" Url="html/F_ArduinoController_VoiceCommands_ri.htm" />
  <HelpKINode Title="rightEngine field" Url="html/F_ArduinoController_MainWindow_rightEngine.htm" />
  <HelpKINode Title="rightEngineBottomY field" Url="html/F_ArduinoController_MainWindow_rightEngineBottomY.htm" />
  <HelpKINode Title="rightEngineButton field" Url="html/F_ArduinoController_MainWindow_rightEngineButton.htm" />
  <HelpKINode Title="rightEngineButton_Clicked method" Url="html/M_ArduinoController_MainWindow_rightEngineButton_Clicked.htm" />
  <HelpKINode Title="rightEngineCenterY field" Url="html/F_ArduinoController_MainWindow_rightEngineCenterY.htm" />
  <HelpKINode Title="rightEngineTopY field" Url="html/F_ArduinoController_MainWindow_rightEngineTopY.htm" />
  <HelpKINode Title="rightEngineX field" Url="html/F_ArduinoController_MainWindow_rightEngineX.htm" />
  <HelpKINode Title="rImg field" Url="html/F_ArduinoController_MainWindow_rImg.htm" />
  <HelpKINode Title="RLabel field" Url="html/F_ArduinoController_MainWindow_RLabel.htm" />
  <HelpKINode Title="ScaleAndSetPosition method" Url="html/M_ArduinoController_MainWindow_ScaleAndSetPosition.htm" />
  <HelpKINode Title="scaleWheelVal method" Url="html/M_ArduinoController_MainWindow_scaleWheelVal.htm" />
  <HelpKINode Title="ScreenMaxX field" Url="html/F_ArduinoController_MainWindow_ScreenMaxX.htm" />
  <HelpKINode Title="ScreenMaxY field" Url="html/F_ArduinoController_MainWindow_ScreenMaxY.htm" />
  <HelpKINode Title="SendEngineValuesToArduino method" Url="html/M_ArduinoController_MainWindow_SendEngineValuesToArduino.htm" />
  <HelpKINode Title="sensor_AllFramesReady method" Url="html/M_ArduinoController_MainWindow_sensor_AllFramesReady.htm" />
  <HelpKINode Title="serialPort field" Url="html/F_ArduinoController_MainWindow_serialPort.htm" />
  <HelpKINode Title="shiftViewerTo method" Url="html/M_ArduinoController_MainWindow_shiftViewerTo.htm" />
  <HelpKINode Title="SpeechRecognized method" Url="html/M_ArduinoController_VoiceCommands_SpeechRecognized.htm" />
  <HelpKINode Title="StartMoving method" Url="html/M_ArduinoController_MainWindow_StartMoving.htm" />
  <HelpKINode Title="startRecognizer method" Url="html/M_ArduinoController_VoiceCommands_startRecognizer.htm" />
  <HelpKINode Title="STEERING enumeration member" Url="html/T_ArduinoController_MainWindow_Mode.htm" />
  <HelpKINode Title="steeringBehavior method" Url="html/M_ArduinoController_MainWindow_steeringBehavior.htm" />
  <HelpKINode Title="steeringButton field" Url="html/F_ArduinoController_MainWindow_steeringButton.htm" />
  <HelpKINode Title="steeringButton_Clicked method" Url="html/M_ArduinoController_MainWindow_steeringButton_Clicked.htm" />
  <HelpKINode Title="stopButton field" Url="html/F_ArduinoController_MainWindow_stopButton.htm" />
  <HelpKINode Title="StopKinect method" Url="html/M_ArduinoController_MainWindow_StopKinect.htm" />
  <HelpKINode Title="StopMoving method" Url="html/M_ArduinoController_MainWindow_StopMoving.htm" />
  <HelpKINode Title="stopped field" Url="html/F_ArduinoController_MainWindow_stopped.htm" />
  <HelpKINode Title="stopRecognizer method" Url="html/M_ArduinoController_VoiceCommands_stopRecognizer.htm" />
  <HelpKINode Title="textBoxes field" Url="html/F_ArduinoController_MainWindow_textBoxes.htm" />
  <HelpKINode Title="timeZero field" Url="html/F_ArduinoController_MainWindow_timeZero.htm" />
  <HelpKINode Title="TransformAndSendDataToArduino method" Url="html/M_ArduinoController_MainWindow_TransformAndSendDataToArduino.htm" />
  <HelpKINode Title="TransformAndSendVelocity method" Url="html/M_ArduinoController_MainWindow_TransformAndSendVelocity.htm" />
  <HelpKINode Title="turnOffCurrentCanvas method" Url="html/M_ArduinoController_MainWindow_turnOffCurrentCanvas.htm" />
  <HelpKINode Title="turnOffMenu method" Url="html/M_ArduinoController_MainWindow_turnOffMenu.htm" />
  <HelpKINode Title="turnOffPodRacing method" Url="html/M_ArduinoController_MainWindow_turnOffPodRacing.htm" />
  <HelpKINode Title="turnOffPrecision method" Url="html/M_ArduinoController_MainWindow_turnOffPrecision.htm" />
  <HelpKINode Title="turnOffSteering method" Url="html/M_ArduinoController_MainWindow_turnOffSteering.htm" />
  <HelpKINode Title="turnOnMenu method" Url="html/M_ArduinoController_MainWindow_turnOnMenu.htm" />
  <HelpKINode Title="turnOnPodRacing method" Url="html/M_ArduinoController_MainWindow_turnOnPodRacing.htm" />
  <HelpKINode Title="turnOnPrecision method" Url="html/M_ArduinoController_MainWindow_turnOnPrecision.htm" />
  <HelpKINode Title="turnOnSteering method" Url="html/M_ArduinoController_MainWindow_turnOnSteering.htm" />
  <HelpKINode Title="UpdateBoxesWithCoords method" Url="html/M_ArduinoController_MainWindow_UpdateBoxesWithCoords.htm" />
  <HelpKINode Title="updateFRslider method" Url="html/M_ArduinoController_MainWindow_updateFRslider.htm" />
  <HelpKINode Title="updateHandPositions method" Url="html/M_ArduinoController_MainWindow_updateHandPositions.htm" />
  <HelpKINode Title="updateLeftEngine method" Url="html/M_ArduinoController_MainWindow_updateLeftEngine.htm" />
  <HelpKINode Title="updateLRslider method" Url="html/M_ArduinoController_MainWindow_updateLRslider.htm" />
  <HelpKINode Title="updateRightEngine method" Url="html/M_ArduinoController_MainWindow_updateRightEngine.htm" />
  <HelpKINode Title="vc field" Url="html/F_ArduinoController_MainWindow_vc.htm" />
  <HelpKINode Title="ViewerCanvas field" Url="html/F_ArduinoController_MainWindow_ViewerCanvas.htm" />
  <HelpKINode Title="VoiceCommands class" Url="html/AllMembers_T_ArduinoController_VoiceCommands.htm" />
  <HelpKINode Title="VoiceCommands class" Url="html/T_ArduinoController_VoiceCommands.htm" />
  <HelpKINode Title="VoiceCommands class">
    <HelpKINode Title="about VoiceCommands class" Url="html/T_ArduinoController_VoiceCommands.htm" />
    <HelpKINode Title="all members" Url="html/AllMembers_T_ArduinoController_VoiceCommands.htm" />
    <HelpKINode Title="constructor" Url="html/M_ArduinoController_VoiceCommands__ctor.htm" />
    <HelpKINode Title="fields" Url="html/Fields_T_ArduinoController_VoiceCommands.htm" />
    <HelpKINode Title="methods" Url="html/Methods_T_ArduinoController_VoiceCommands.htm" />
  </HelpKINode>
  <HelpKINode Title="VoiceCommands.audioSrc field" Url="html/F_ArduinoController_VoiceCommands_audioSrc.htm" />
  <HelpKINode Title="VoiceCommands.GetKinectRecognizer method" Url="html/M_ArduinoController_VoiceCommands_GetKinectRecognizer.htm" />
  <HelpKINode Title="VoiceCommands.loadGrammarAndWords method" Url="html/M_ArduinoController_VoiceCommands_loadGrammarAndWords.htm" />
  <HelpKINode Title="VoiceCommands.recognizer field" Url="html/F_ArduinoController_VoiceCommands_recognizer.htm" />
  <HelpKINode Title="VoiceCommands.restartRecognizer method" Url="html/M_ArduinoController_VoiceCommands_restartRecognizer.htm" />
  <HelpKINode Title="VoiceCommands.ri field" Url="html/F_ArduinoController_VoiceCommands_ri.htm" />
  <HelpKINode Title="VoiceCommands.SpeechRecognized method" Url="html/M_ArduinoController_VoiceCommands_SpeechRecognized.htm" />
  <HelpKINode Title="VoiceCommands.startRecognizer method" Url="html/M_ArduinoController_VoiceCommands_startRecognizer.htm" />
  <HelpKINode Title="VoiceCommands.stopRecognizer method" Url="html/M_ArduinoController_VoiceCommands_stopRecognizer.htm" />
  <HelpKINode Title="VoiceCommands.VoiceCommands constructor" Url="html/M_ArduinoController_VoiceCommands__ctor.htm" />
  <HelpKINode Title="VoiceCommands.window field" Url="html/F_ArduinoController_VoiceCommands_window.htm" />
  <HelpKINode Title="wheel field" Url="html/F_ArduinoController_MainWindow_wheel.htm" />
  <HelpKINode Title="wheelCenter field" Url="html/F_ArduinoController_MainWindow_wheelCenter.htm" />
  <HelpKINode Title="wheelHeight field" Url="html/F_ArduinoController_MainWindow_wheelHeight.htm" />
  <HelpKINode Title="wheelLeft field" Url="html/F_ArduinoController_MainWindow_wheelLeft.htm" />
  <HelpKINode Title="wheelLock field" Url="html/F_ArduinoController_MainWindow_wheelLock.htm" />
  <HelpKINode Title="wheelLockSlope field" Url="html/F_ArduinoController_MainWindow_wheelLockSlope.htm" />
  <HelpKINode Title="wheelTop field" Url="html/F_ArduinoController_MainWindow_wheelTop.htm" />
  <HelpKINode Title="wheelWidth field" Url="html/F_ArduinoController_MainWindow_wheelWidth.htm" />
  <HelpKINode Title="window field" Url="html/F_ArduinoController_VoiceCommands_window.htm" />
  <HelpKINode Title="Window_Closing method" Url="html/M_ArduinoController_MainWindow_Window_Closing.htm" />
  <HelpKINode Title="Window_Loaded method" Url="html/M_ArduinoController_MainWindow_Window_Loaded.htm" />
  <HelpKINode Title="_contentLoaded field" Url="html/F_ArduinoController_MainWindow__contentLoaded.htm" />
  <HelpKINode Title="_handX field" Url="html/F_ArduinoController_MainWindow__handX.htm" />
  <HelpKINode Title="_handY field" Url="html/F_ArduinoController_MainWindow__handY.htm" />
  <HelpKINode Title="_isClosing field" Url="html/F_ArduinoController_MainWindow__isClosing.htm" />
  <HelpKINode Title="_LhandX field" Url="html/F_ArduinoController_MainWindow__LhandX.htm" />
  <HelpKINode Title="_LhandY field" Url="html/F_ArduinoController_MainWindow__LhandY.htm" />
  <HelpKINode Title="_RhandX field" Url="html/F_ArduinoController_MainWindow__RhandX.htm" />
  <HelpKINode Title="_RhandY field" Url="html/F_ArduinoController_MainWindow__RhandY.htm" />
  <HelpKINode Title="_selectedButton field" Url="html/F_ArduinoController_MainWindow__selectedButton.htm" />
  <HelpKINode Title="_selectedLButton field" Url="html/F_ArduinoController_MainWindow__selectedLButton.htm" />
</HelpKI>
